<SysValidationPlan>
  <MainMEF-InitialState>
    <state>main</state>
    <subState01>
      <mef>Br2</mef>
      <state>Main</state>
      <subState01>
        <mef>Br2_InternalClock</mef>
        <state>Clock</state>
      </subState01>
      <subState02>
        <mef>Br2_Bus0</mef>
        <state>Bus</state>
        <subState01>
          <mef>Br2_OBC</mef>
          <state>OBC_IDLE</state>
        </subState01>
        <subState02>
          <mef>Br2_Bus1</mef>
          <state>Bus</state>
          <subState01>
            <mef>Br2_Eps</mef>
            <state>On</state>
          </subState01>
          <subState02>
            <mef>Br2_Bus2</mef>
            <state>Bus</state>
            <subState01>
              <mef>Br2_Communication</mef>
              <state>Receiver</state>
            </subState01>
            <subState02>
              <mef>Br2_Bus3</mef>
              <state>Bus</state>
              <subState01>
                <mef>Br2_SDATF</mef>
                <state>Off</state>
              </subState01>
              <subState02>
                <mef>Br2_Bus4</mef>
                <state>Bus</state>
                <subState01>
                  <mef>Br2_SLP</mef>
                  <state>Off</state>
                </subState01>
                <subState02>
                  <mef>Br2_Bus5</mef>
                  <state>Bus</state>
                  <subState01>
                    <mef>Br2_SMDH</mef>
                    <state>Off</state>
                  </subState01>
                </subState02>
              </subState02>
            </subState02>
          </subState02>
        </subState02>
      </subState02>
    </subState01>
    <subState02>
      <mef>Environment</mef>
      <state>ecl</state>
    </subState02>
  </MainMEF-InitialState>
  <MainMEF-FinalState>
    <state>error</state>
  </MainMEF-FinalState>
  <MEFS-InitialState>
    <SysEventState>
      <mef>Main</mef>
      <state>main</state>
      <subState01>
        <mef>Br2</mef>
        <state>Main</state>
        <subState01>
          <mef>Br2_InternalClock</mef>
          <state>Clock</state>
        </subState01>
        <subState02>
          <mef>Br2_Bus0</mef>
          <state>Bus</state>
          <subState01>
            <mef>Br2_OBC</mef>
            <state>OBC_IDLE</state>
          </subState01>
          <subState02>
            <mef>Br2_Bus1</mef>
            <state>Bus</state>
            <subState01>
              <mef>Br2_Eps</mef>
              <state>On</state>
            </subState01>
            <subState02>
              <mef>Br2_Bus2</mef>
              <state>Bus</state>
              <subState01>
                <mef>Br2_Communication</mef>
                <state>Receiver</state>
              </subState01>
              <subState02>
                <mef>Br2_Bus3</mef>
                <state>Bus</state>
                <subState01>
                  <mef>Br2_SDATF</mef>
                  <state>Off</state>
                </subState01>
                <subState02>
                  <mef>Br2_Bus4</mef>
                  <state>Bus</state>
                  <subState01>
                    <mef>Br2_SLP</mef>
                    <state>Off</state>
                  </subState01>
                  <subState02>
                    <mef>Br2_Bus5</mef>
                    <state>Bus</state>
                    <subState01>
                      <mef>Br2_SMDH</mef>
                      <state>Off</state>
                    </subState01>
                  </subState02>
                </subState02>
              </subState02>
            </subState02>
          </subState02>
        </subState02>
      </subState01>
      <subState02>
        <mef>Environment</mef>
        <state>ecl</state>
      </subState02>
    </SysEventState>
    <SysEventState>
      <mef>Environment</mef>
      <state>ecl</state>
    </SysEventState>
    <SysEventState>
      <mef>Br2</mef>
      <state>Main</state>
      <subState01>
        <mef>Br2_InternalClock</mef>
        <state>Clock</state>
      </subState01>
      <subState02>
        <mef>Br2_Bus0</mef>
        <state>Bus</state>
        <subState01>
          <mef>Br2_OBC</mef>
          <state>OBC_IDLE</state>
        </subState01>
        <subState02>
          <mef>Br2_Bus1</mef>
          <state>Bus</state>
          <subState01>
            <mef>Br2_Eps</mef>
            <state>On</state>
          </subState01>
          <subState02>
            <mef>Br2_Bus2</mef>
            <state>Bus</state>
            <subState01>
              <mef>Br2_Communication</mef>
              <state>Receiver</state>
            </subState01>
            <subState02>
              <mef>Br2_Bus3</mef>
              <state>Bus</state>
              <subState01>
                <mef>Br2_SDATF</mef>
                <state>Off</state>
              </subState01>
              <subState02>
                <mef>Br2_Bus4</mef>
                <state>Bus</state>
                <subState01>
                  <mef>Br2_SLP</mef>
                  <state>Off</state>
                </subState01>
                <subState02>
                  <mef>Br2_Bus5</mef>
                  <state>Bus</state>
                  <subState01>
                    <mef>Br2_SMDH</mef>
                    <state>Off</state>
                  </subState01>
                </subState02>
              </subState02>
            </subState02>
          </subState02>
        </subState02>
      </subState02>
    </SysEventState>
    <SysEventState>
      <mef>Br2_InternalClock</mef>
      <state>Clock</state>
    </SysEventState>
    <SysEventState>
      <mef>Br2_Bus0</mef>
      <state>Bus</state>
      <subState01>
        <mef>Br2_OBC</mef>
        <state>OBC_IDLE</state>
      </subState01>
      <subState02>
        <mef>Br2_Bus1</mef>
        <state>Bus</state>
        <subState01>
          <mef>Br2_Eps</mef>
          <state>On</state>
        </subState01>
        <subState02>
          <mef>Br2_Bus2</mef>
          <state>Bus</state>
          <subState01>
            <mef>Br2_Communication</mef>
            <state>Receiver</state>
          </subState01>
          <subState02>
            <mef>Br2_Bus3</mef>
            <state>Bus</state>
            <subState01>
              <mef>Br2_SDATF</mef>
              <state>Off</state>
            </subState01>
            <subState02>
              <mef>Br2_Bus4</mef>
              <state>Bus</state>
              <subState01>
                <mef>Br2_SLP</mef>
                <state>Off</state>
              </subState01>
              <subState02>
                <mef>Br2_Bus5</mef>
                <state>Bus</state>
                <subState01>
                  <mef>Br2_SMDH</mef>
                  <state>Off</state>
                </subState01>
              </subState02>
            </subState02>
          </subState02>
        </subState02>
      </subState02>
    </SysEventState>
    <SysEventState>
      <mef>Br2_Bus1</mef>
      <state>Bus</state>
      <subState01>
        <mef>Br2_Eps</mef>
        <state>On</state>
      </subState01>
      <subState02>
        <mef>Br2_Bus2</mef>
        <state>Bus</state>
        <subState01>
          <mef>Br2_Communication</mef>
          <state>Receiver</state>
        </subState01>
        <subState02>
          <mef>Br2_Bus3</mef>
          <state>Bus</state>
          <subState01>
            <mef>Br2_SDATF</mef>
            <state>Off</state>
          </subState01>
          <subState02>
            <mef>Br2_Bus4</mef>
            <state>Bus</state>
            <subState01>
              <mef>Br2_SLP</mef>
              <state>Off</state>
            </subState01>
            <subState02>
              <mef>Br2_Bus5</mef>
              <state>Bus</state>
              <subState01>
                <mef>Br2_SMDH</mef>
                <state>Off</state>
              </subState01>
            </subState02>
          </subState02>
        </subState02>
      </subState02>
    </SysEventState>
    <SysEventState>
      <mef>Br2_Bus2</mef>
      <state>Bus</state>
      <subState01>
        <mef>Br2_Communication</mef>
        <state>Receiver</state>
      </subState01>
      <subState02>
        <mef>Br2_Bus3</mef>
        <state>Bus</state>
        <subState01>
          <mef>Br2_SDATF</mef>
          <state>Off</state>
        </subState01>
        <subState02>
          <mef>Br2_Bus4</mef>
          <state>Bus</state>
          <subState01>
            <mef>Br2_SLP</mef>
            <state>Off</state>
          </subState01>
          <subState02>
            <mef>Br2_Bus5</mef>
            <state>Bus</state>
            <subState01>
              <mef>Br2_SMDH</mef>
              <state>Off</state>
            </subState01>
          </subState02>
        </subState02>
      </subState02>
    </SysEventState>
    <SysEventState>
      <mef>Br2_Bus3</mef>
      <state>Bus</state>
      <subState01>
        <mef>Br2_SDATF</mef>
        <state>Off</state>
      </subState01>
      <subState02>
        <mef>Br2_Bus4</mef>
        <state>Bus</state>
        <subState01>
          <mef>Br2_SLP</mef>
          <state>Off</state>
        </subState01>
        <subState02>
          <mef>Br2_Bus5</mef>
          <state>Bus</state>
          <subState01>
            <mef>Br2_SMDH</mef>
            <state>Off</state>
          </subState01>
        </subState02>
      </subState02>
    </SysEventState>
    <SysEventState>
      <mef>Br2_Bus4</mef>
      <state>Bus</state>
      <subState01>
        <mef>Br2_SLP</mef>
        <state>Off</state>
      </subState01>
      <subState02>
        <mef>Br2_Bus5</mef>
        <state>Bus</state>
        <subState01>
          <mef>Br2_SMDH</mef>
          <state>Off</state>
        </subState01>
      </subState02>
    </SysEventState>
    <SysEventState>
      <mef>Br2_Bus5</mef>
      <state>Bus</state>
      <subState01>
        <mef>Br2_SMDH</mef>
        <state>Off</state>
      </subState01>
    </SysEventState>
    <SysEventState>
      <mef>Br2_OBC</mef>
      <state>OBC_IDLE</state>
    </SysEventState>
    <SysEventState>
      <mef>Br2_Eps</mef>
      <state>On</state>
    </SysEventState>
    <SysEventState>
      <mef>Br2_Communication</mef>
      <state>Receiver</state>
    </SysEventState>
    <SysEventState>
      <mef>Br2_SDATF</mef>
      <state>Off</state>
    </SysEventState>
    <SysEventState>
      <mef>Br2_SLP</mef>
      <state>Off</state>
    </SysEventState>
    <SysEventState>
      <mef>Br2_SMDH</mef>
      <state>Off</state>
    </SysEventState>
    <SysEventState>
      <mef>Br2_SLP_1</mef>
      <state>SLP_idle</state>
    </SysEventState>
  </MEFS-InitialState>
  <MEFS-FinalState>
    <SysEventState>
      <mef>Main</mef>
      <state>error</state>
    </SysEventState>
    <null/>
    <null/>
    <null/>
    <null/>
    <null/>
    <null/>
    <null/>
    <null/>
    <null/>
    <null/>
    <null/>
    <null/>
    <null/>
    <null/>
    <null/>
    <null/>
  </MEFS-FinalState>
  <SysEventPlan>
    <SysEvent>
      <event>SLP_ON</event>
      <milisecDelay>1000</milisecDelay>
    </SysEvent>
    <SysEvent>
      <event>SlaveReady?</event>
      <milisecDelay>1000</milisecDelay>
    </SysEvent>
    <SysEvent>
      <event>SetDateTime</event>
      <milisecDelay>4000</milisecDelay>
    </SysEvent>
    <SysEvent>
      <event>SetBloIndex!</event>
      <milisecDelay>1000</milisecDelay>
    </SysEvent>
    <SysEvent>
      <event>SetBlockTx!</event>
      <milisecDelay>1000</milisecDelay>
    </SysEvent>
    <SysEvent>
      <event>StartTx!</event>
      <milisecDelay>1000</milisecDelay>
    </SysEvent>
    <SysEvent>
      <event>SLP_OFF</event>
      <milisecDelay>1000</milisecDelay>
    </SysEvent>
  </SysEventPlan>
</SysValidationPlan>